{"ranges": {"n": [1.0, 296.0], "SCI": [180.420246495225, 10000.0], "UNDUPUG": [3.0, 1411879.0], "medianincome": [3333.0, 244527.0], "zctazonepop": [0.0, 15121547.0]}, "min": {"n.I:30min.S:allschools.Y:2016": 1.0, "n.I:30min.S:public.Y:2016": 1.0, "n.I:30min.S:privnot4prof.Y:2016": 1.0, "n.I:30min.S:priv4prof.Y:2016": 1.0, "n.I:30min.S:bachelor.Y:2016": 1.0, "n.I:30min.S:associate.Y:2016": 1.0, "n.I:30min.S:belowassociate.Y:2016": 1.0, "n.I:45min.S:allschools.Y:2016": 1.0, "n.I:45min.S:public.Y:2016": 1.0, "n.I:45min.S:privnot4prof.Y:2016": 1.0, "n.I:45min.S:priv4prof.Y:2016": 1.0, "n.I:45min.S:bachelor.Y:2016": 1.0, "n.I:45min.S:associate.Y:2016": 1.0, "n.I:45min.S:belowassociate.Y:2016": 1.0, "n.I:60min.S:allschools.Y:2016": 1.0, "n.I:60min.S:public.Y:2016": 1.0, "n.I:60min.S:privnot4prof.Y:2016": 1.0, "n.I:60min.S:priv4prof.Y:2016": 1.0, "n.I:60min.S:bachelor.Y:2016": 1.0, "n.I:60min.S:associate.Y:2016": 1.0, "n.I:60min.S:belowassociate.Y:2016": 1.0, "SCI.I:30min.S:allschools.Y:2016": 245.866100431886, "SCI.I:30min.S:public.Y:2016": 456.362330709164, "SCI.I:30min.S:privnot4prof.Y:2016": 465.202971699881, "SCI.I:30min.S:priv4prof.Y:2016": 234.58440395168597, "SCI.I:30min.S:bachelor.Y:2016": 312.808591661767, "SCI.I:30min.S:associate.Y:2016": 600.898905004091, "SCI.I:30min.S:belowassociate.Y:2016": 261.98198632095, "SCI.I:45min.S:allschools.Y:2016": 195.973371906969, "SCI.I:45min.S:public.Y:2016": 311.365158210564, "SCI.I:45min.S:privnot4prof.Y:2016": 397.643457680432, "SCI.I:45min.S:priv4prof.Y:2016": 190.51451246621102, "SCI.I:45min.S:bachelor.Y:2016": 257.53977767149297, "SCI.I:45min.S:associate.Y:2016": 434.203788328992, "SCI.I:45min.S:belowassociate.Y:2016": 210.03107353505501, "SCI.I:60min.S:allschools.Y:2016": 180.420246495225, "SCI.I:60min.S:public.Y:2016": 247.39420687993402, "SCI.I:60min.S:privnot4prof.Y:2016": 352.436450871334, "SCI.I:60min.S:priv4prof.Y:2016": 195.078427603848, "SCI.I:60min.S:bachelor.Y:2016": 235.916172773798, "SCI.I:60min.S:associate.Y:2016": 345.152007094991, "SCI.I:60min.S:belowassociate.Y:2016": 186.623034898069, "UNDUPUG.I:30min.S:allschools.Y:2016": 3.0, "UNDUPUG.I:30min.S:public.Y:2016": 11.0, "UNDUPUG.I:30min.S:privnot4prof.Y:2016": 5.0, "UNDUPUG.I:30min.S:priv4prof.Y:2016": 3.0, "UNDUPUG.I:30min.S:bachelor.Y:2016": 9.0, "UNDUPUG.I:30min.S:associate.Y:2016": 13.0, "UNDUPUG.I:30min.S:belowassociate.Y:2016": 3.0, "UNDUPUG.I:45min.S:allschools.Y:2016": 10.0, "UNDUPUG.I:45min.S:public.Y:2016": 13.0, "UNDUPUG.I:45min.S:privnot4prof.Y:2016": 10.0, "UNDUPUG.I:45min.S:priv4prof.Y:2016": 3.0, "UNDUPUG.I:45min.S:bachelor.Y:2016": 21.0, "UNDUPUG.I:45min.S:associate.Y:2016": 13.0, "UNDUPUG.I:45min.S:belowassociate.Y:2016": 3.0, "UNDUPUG.I:60min.S:allschools.Y:2016": 10.0, "UNDUPUG.I:60min.S:public.Y:2016": 13.0, "UNDUPUG.I:60min.S:privnot4prof.Y:2016": 10.0, "UNDUPUG.I:60min.S:priv4prof.Y:2016": 3.0, "UNDUPUG.I:60min.S:bachelor.Y:2016": 23.0, "UNDUPUG.I:60min.S:associate.Y:2016": 13.0, "UNDUPUG.I:60min.S:belowassociate.Y:2016": 3.0, "medianincome.Y:2016": 3333.0, "zctazonepop.Y:2016": 0.0}}