{"Mainland": [-124.73460723799991, 25.12140534100007, -66.9773249989999, 49.3694941210001], "U.S. Virgin Is.": [-65.04149344199993, 17.682766018000052, -64.55939693899995, 18.386598614000036], "Puerto Rico": [-67.93781490799995, 17.92291901200008, -65.24461829299992, 18.522772528000075], "American Samoa": [-171.84922996050645, -14.93534547358692, -168.25721358668446, -13.663497668009555], "Guam": [144.62419681100005, 13.241034247000073, 144.9521590500001, 13.654120184000078], "N. Mariana Is.": [144.90211022200003, 14.110663153000075, 145.86890709700003, 20.55540599200009], "Alaska": [-207.4133546365765, 50.796925749084465, -104.93451956255066, 71.79270027924889], "Hawaii": [-160.555771, 18.917466, -154.809379, 22.23317]}