{"sci": {"NJ": 594.221220172107, "DC": 637.219724098486, "PR": 681.052793517614, "CT": 778.5828285533889, "MA": 976.886306624497, "RI": 1285.7575558572, "CA": 1322.05517006531, "MD": 2028.5082005140302, "PA": 2238.8688288070803, "OH": 2441.25191115629, "WA": 2489.8164452715196, "NY": 2522.61398025235, "NC": 2706.00372506368, "SC": 3145.06481687135, "FL": 3162.7448884518, "GA": 3275.30661778102, "LA": 3376.726297267, "DE": 3422.01166180758, "NV": 3503.38084427166, "MI": 3565.03316590451, "TN": 3615.2091656319603, "CO": 3810.03366130391, "TX": 3831.9034965670794, "AL": 4156.66174789886, "AZ": 4210.87894059505, "UT": 4265.60185173693, "WI": 4304.53279719941, "IL": 4439.86074923183, "ME": 4507.226219400971, "VA": 4683.84830676785, "HI": 5000.39010736442, "MN": 5002.4854741255, "GU": 5050.666083509221, "OR": 5111.00536439315, "WV": 5111.376823946111, "OK": 5146.02408238072, "KS": 5280.3750839704, "MS": 5311.77601543074, "AR": 5440.06461966171, "IN": 5446.21998917584, "NH": 5503.63807194094, "KY": 5531.90613739364, "IA": 5556.78762618625, "NM": 5643.51792007162, "VT": 5652.94239877785, "MO": 5748.29377887264, "NE": 6030.94539813141, "SD": 6926.113223743299, "MT": 9378.25974718375, "ID": 9527.50163791306, "ND": 9885.264815885219, "AK": 10000.0, "AS": 10000.0, "MP": 10000.0, "VI": 10000.0, "WY": 10000.0}, "enrollment": {"NJ": 483314, "DC": 59305, "PR": 250824, "CT": 216421, "MA": 460846, "RI": 85984, "CA": 3357853, "MD": 397643, "PA": 734721, "OH": 746972, "WA": 468016, "NY": 1294802, "NC": 632600, "SC": 273342, "FL": 1360233, "GA": 586025, "LA": 280504, "DE": 61751, "NV": 141842, "MI": 637917, "TN": 358683, "CO": 399985, "TX": 1976057, "AL": 306317, "AZ": 723610, "UT": 293472, "WI": 386690, "IL": 936714, "ME": 83079, "VA": 598664, "HI": 76616, "MN": 374992, "GU": 7060, "OR": 299104, "WV": 101812, "OK": 255872, "KS": 247042, "MS": 194687, "AR": 182556, "IN": 477857, "NH": 156484, "KY": 274411, "IA": 308022, "NM": 166214, "VT": 49383, "MO": 413465, "NE": 145619, "SD": 61051, "MT": 56983, "ID": 170817, "ND": 57578, "AK": 43110, "AS": 1581, "MP": 1356, "VI": 2573, "WY": 41191}}